noise-free-sound-0000,noise
noise-free-sound-0001,noise
noise-free-sound-0002,noise
noise-free-sound-0003,noise
noise-free-sound-0004,noise
noise-free-sound-0005,noise
noise-free-sound-0006,noise
noise-free-sound-0007,noise
noise-free-sound-0008,noise
noise-free-sound-0009,noise
noise-free-sound-0010,noise
noise-free-sound-0011,noise
noise-free-sound-0012,noise
noise-free-sound-0013,noise
noise-free-sound-0014,noise
noise-free-sound-0015,noise
noise-free-sound-0016,noise
noise-free-sound-0017,noise
noise-free-sound-0018,noise
noise-free-sound-0019,noise
noise-free-sound-0020,noise
noise-free-sound-0021,noise
noise-free-sound-0022,noise
noise-free-sound-0023,noise
noise-free-sound-0024,noise
noise-free-sound-0025,noise
noise-free-sound-0026,noise
noise-free-sound-0027,noise
noise-free-sound-0028,noise
noise-free-sound-0029,noise
noise-free-sound-0030,noise
noise-free-sound-0031,noise
noise-free-sound-0032,noise
noise-free-sound-0033,noise
noise-free-sound-0034,noise
noise-free-sound-0035,noise
noise-free-sound-0036,noise
noise-free-sound-0037,noise
noise-free-sound-0038,noise
noise-free-sound-0039,noise
noise-free-sound-0040,noise
noise-free-sound-0041,noise
noise-free-sound-0042,noise
noise-free-sound-0043,noise
noise-free-sound-0044,noise
noise-free-sound-0045,noise
noise-free-sound-0046,noise
noise-free-sound-0047,noise
noise-free-sound-0048,noise
noise-free-sound-0049,noise
noise-free-sound-0050,noise
noise-free-sound-0051,noise
noise-free-sound-0052,noise
noise-free-sound-0053,noise
noise-free-sound-0054,noise
noise-free-sound-0055,noise
noise-free-sound-0056,noise
noise-free-sound-0057,noise
noise-free-sound-0058,noise
noise-free-sound-0059,noise
noise-free-sound-0060,noise
noise-free-sound-0061,noise
noise-free-sound-0062,noise
noise-free-sound-0063,noise
noise-free-sound-0064,noise
noise-free-sound-0065,noise
noise-free-sound-0066,noise
noise-free-sound-0067,noise
noise-free-sound-0068,noise
noise-free-sound-0069,noise
noise-free-sound-0070,noise
noise-free-sound-0071,noise
noise-free-sound-0072,noise
noise-free-sound-0073,noise
noise-free-sound-0074,noise
noise-free-sound-0075,noise
noise-free-sound-0076,noise
noise-free-sound-0077,noise
noise-free-sound-0078,noise
noise-free-sound-0079,noise
noise-free-sound-0080,noise
noise-free-sound-0081,noise
noise-free-sound-0082,noise
noise-free-sound-0083,noise
noise-free-sound-0084,noise
noise-free-sound-0085,noise
noise-free-sound-0086,noise
noise-free-sound-0087,noise
noise-free-sound-0088,noise
noise-free-sound-0089,noise
noise-free-sound-0090,noise
noise-free-sound-0091,noise
noise-free-sound-0092,noise
noise-free-sound-0093,noise
noise-free-sound-0094,noise
noise-free-sound-0095,noise
noise-free-sound-0096,noise
noise-free-sound-0097,noise
noise-free-sound-0098,noise
noise-free-sound-0099,noise
noise-free-sound-0100,noise
noise-free-sound-0101,noise
noise-free-sound-0102,noise
noise-free-sound-0103,noise
noise-free-sound-0104,noise
noise-free-sound-0105,noise
noise-free-sound-0106,noise
noise-free-sound-0107,noise
noise-free-sound-0108,noise
noise-free-sound-0109,noise
noise-free-sound-0110,noise
noise-free-sound-0111,noise
noise-free-sound-0112,noise
noise-free-sound-0113,noise
noise-free-sound-0114,noise
noise-free-sound-0115,noise
noise-free-sound-0116,noise
noise-free-sound-0117,noise
noise-free-sound-0118,noise
noise-free-sound-0119,noise
noise-free-sound-0120,noise
noise-free-sound-0121,noise
noise-free-sound-0122,noise
noise-free-sound-0123,noise
noise-free-sound-0124,noise
noise-free-sound-0125,noise
noise-free-sound-0126,noise
noise-free-sound-0127,noise
noise-free-sound-0128,noise
noise-free-sound-0129,noise
noise-free-sound-0130,noise
noise-free-sound-0131,noise
noise-free-sound-0132,noise
noise-free-sound-0133,noise
noise-free-sound-0134,noise
noise-free-sound-0135,noise
noise-free-sound-0136,noise
noise-free-sound-0137,noise
noise-free-sound-0138,noise
noise-free-sound-0139,noise
noise-free-sound-0140,noise
noise-free-sound-0141,noise
noise-free-sound-0142,noise
noise-free-sound-0143,noise
noise-free-sound-0144,noise
noise-free-sound-0145,noise
noise-free-sound-0146,noise
noise-free-sound-0147,noise
noise-free-sound-0148,noise
noise-free-sound-0149,noise
noise-free-sound-0150,noise
noise-free-sound-0151,noise
noise-free-sound-0152,noise
noise-free-sound-0153,noise
noise-free-sound-0154,noise
noise-free-sound-0155,noise
noise-free-sound-0156,noise
noise-free-sound-0157,noise
noise-free-sound-0158,noise
noise-free-sound-0159,noise
noise-free-sound-0160,noise
noise-free-sound-0161,noise
noise-free-sound-0162,noise
noise-free-sound-0163,noise
noise-free-sound-0164,noise
noise-free-sound-0165,noise
noise-free-sound-0166,noise
noise-free-sound-0167,noise
noise-free-sound-0168,noise
noise-free-sound-0169,noise
noise-free-sound-0170,noise
noise-free-sound-0171,noise
noise-free-sound-0172,noise
noise-free-sound-0173,noise
noise-free-sound-0174,noise
noise-free-sound-0175,noise
noise-free-sound-0176,noise
noise-free-sound-0177,noise
noise-free-sound-0178,noise
noise-free-sound-0179,noise
noise-free-sound-0180,noise
noise-free-sound-0181,noise
noise-free-sound-0182,noise
noise-free-sound-0183,noise
noise-free-sound-0184,noise
noise-free-sound-0185,noise
noise-free-sound-0186,noise
noise-free-sound-0187,noise
noise-free-sound-0188,noise
noise-free-sound-0189,noise
noise-free-sound-0190,noise
noise-free-sound-0191,noise
noise-free-sound-0192,noise
noise-free-sound-0193,noise
noise-free-sound-0194,noise
noise-free-sound-0195,noise
noise-free-sound-0196,noise
noise-free-sound-0197,noise
noise-free-sound-0198,noise
noise-free-sound-0199,noise
noise-free-sound-0200,noise
noise-free-sound-0201,noise
noise-free-sound-0202,noise
noise-free-sound-0203,noise
noise-free-sound-0204,noise
noise-free-sound-0205,noise
noise-free-sound-0206,noise
noise-free-sound-0207,noise
noise-free-sound-0208,noise
noise-free-sound-0209,noise
noise-free-sound-0210,noise
noise-free-sound-0211,noise
noise-free-sound-0212,noise
noise-free-sound-0213,noise
noise-free-sound-0214,noise
noise-free-sound-0215,noise
noise-free-sound-0216,noise
noise-free-sound-0217,noise
noise-free-sound-0218,noise
noise-free-sound-0219,noise
noise-free-sound-0220,noise
noise-free-sound-0221,noise
noise-free-sound-0222,noise
noise-free-sound-0223,noise
noise-free-sound-0224,noise
noise-free-sound-0225,noise
noise-free-sound-0226,noise
noise-free-sound-0227,noise
noise-free-sound-0228,noise
noise-free-sound-0229,noise
noise-free-sound-0230,noise
noise-free-sound-0231,noise
noise-free-sound-0232,noise
noise-free-sound-0233,noise
noise-free-sound-0234,noise
noise-free-sound-0235,noise
noise-free-sound-0236,noise
noise-free-sound-0237,noise
noise-free-sound-0238,noise
noise-free-sound-0239,noise
noise-free-sound-0240,noise
noise-free-sound-0241,noise
noise-free-sound-0242,noise
noise-free-sound-0243,noise
noise-free-sound-0244,noise
noise-free-sound-0245,noise
noise-free-sound-0246,noise
noise-free-sound-0247,noise
noise-free-sound-0248,noise
noise-free-sound-0249,noise
noise-free-sound-0250,noise
noise-free-sound-0251,noise
noise-free-sound-0252,noise
noise-free-sound-0253,noise
noise-free-sound-0254,noise
noise-free-sound-0255,noise
noise-free-sound-0256,noise
noise-free-sound-0257,noise
noise-free-sound-0258,noise
noise-free-sound-0259,noise
noise-free-sound-0260,noise
noise-free-sound-0261,noise
noise-free-sound-0262,noise
noise-free-sound-0263,noise
noise-free-sound-0264,noise
noise-free-sound-0265,noise
noise-free-sound-0266,noise
noise-free-sound-0267,noise
noise-free-sound-0268,noise
noise-free-sound-0269,noise
noise-free-sound-0270,noise
noise-free-sound-0271,noise
noise-free-sound-0272,noise
noise-free-sound-0273,noise
noise-free-sound-0274,noise
noise-free-sound-0275,noise
noise-free-sound-0276,noise
noise-free-sound-0277,noise
noise-free-sound-0278,noise
noise-free-sound-0279,noise
noise-free-sound-0280,noise
noise-free-sound-0281,noise
noise-free-sound-0282,noise
noise-free-sound-0283,noise
noise-free-sound-0284,noise
noise-free-sound-0285,noise
noise-free-sound-0286,noise
noise-free-sound-0287,noise
noise-free-sound-0288,noise
noise-free-sound-0289,noise
noise-free-sound-0290,noise
noise-free-sound-0291,noise
noise-free-sound-0292,noise
noise-free-sound-0293,noise
noise-free-sound-0294,noise
noise-free-sound-0295,noise
noise-free-sound-0296,noise
noise-free-sound-0297,noise
noise-free-sound-0298,noise
noise-free-sound-0299,noise
noise-free-sound-0300,noise
noise-free-sound-0301,noise
noise-free-sound-0302,noise
noise-free-sound-0303,noise
noise-free-sound-0304,noise
noise-free-sound-0305,noise
noise-free-sound-0306,noise
noise-free-sound-0307,noise
noise-free-sound-0308,noise
noise-free-sound-0309,noise
noise-free-sound-0310,noise
noise-free-sound-0311,noise
noise-free-sound-0312,noise
noise-free-sound-0313,noise
noise-free-sound-0314,noise
noise-free-sound-0315,noise
noise-free-sound-0316,noise
noise-free-sound-0317,noise
noise-free-sound-0318,noise
noise-free-sound-0319,noise
noise-free-sound-0320,noise
noise-free-sound-0321,noise
noise-free-sound-0322,noise
noise-free-sound-0323,noise
noise-free-sound-0324,noise
noise-free-sound-0325,noise
noise-free-sound-0326,noise
noise-free-sound-0327,noise
noise-free-sound-0328,noise
noise-free-sound-0329,noise
noise-free-sound-0330,noise
noise-free-sound-0331,noise
noise-free-sound-0332,noise
noise-free-sound-0333,noise
noise-free-sound-0334,noise
noise-free-sound-0335,noise
noise-free-sound-0336,noise
noise-free-sound-0337,noise
noise-free-sound-0338,noise
noise-free-sound-0339,noise
noise-free-sound-0340,noise
noise-free-sound-0341,noise
noise-free-sound-0342,noise
noise-free-sound-0343,noise
noise-free-sound-0344,noise
noise-free-sound-0345,noise
noise-free-sound-0346,noise
noise-free-sound-0347,noise
noise-free-sound-0348,noise
noise-free-sound-0349,noise
noise-free-sound-0350,noise
noise-free-sound-0351,noise
noise-free-sound-0352,noise
noise-free-sound-0353,noise
noise-free-sound-0354,noise
noise-free-sound-0355,noise
noise-free-sound-0356,noise
noise-free-sound-0357,noise
noise-free-sound-0358,noise
noise-free-sound-0359,noise
noise-free-sound-0360,noise
noise-free-sound-0361,noise
noise-free-sound-0362,noise
noise-free-sound-0363,noise
noise-free-sound-0364,noise
noise-free-sound-0365,noise
noise-free-sound-0366,noise
noise-free-sound-0367,noise
noise-free-sound-0368,noise
noise-free-sound-0369,noise
noise-free-sound-0370,noise
noise-free-sound-0371,noise
noise-free-sound-0372,noise
noise-free-sound-0373,noise
noise-free-sound-0374,noise
noise-free-sound-0375,noise
noise-free-sound-0376,noise
noise-free-sound-0377,noise
noise-free-sound-0378,noise
noise-free-sound-0379,noise
noise-free-sound-0380,noise
noise-free-sound-0381,noise
noise-free-sound-0382,noise
noise-free-sound-0383,noise
noise-free-sound-0384,noise
noise-free-sound-0385,noise
noise-free-sound-0386,noise
noise-free-sound-0387,noise
noise-free-sound-0388,noise
noise-free-sound-0389,noise
noise-free-sound-0390,noise
noise-free-sound-0391,noise
noise-free-sound-0392,noise
noise-free-sound-0393,noise
noise-free-sound-0394,noise
noise-free-sound-0395,noise
noise-free-sound-0396,noise
noise-free-sound-0397,noise
noise-free-sound-0398,noise
noise-free-sound-0399,noise
noise-free-sound-0400,noise
noise-free-sound-0401,noise
noise-free-sound-0402,noise
noise-free-sound-0403,noise
noise-free-sound-0404,noise
noise-free-sound-0405,noise
noise-free-sound-0406,noise
noise-free-sound-0407,noise
noise-free-sound-0408,noise
noise-free-sound-0409,noise
noise-free-sound-0410,noise
noise-free-sound-0411,noise
noise-free-sound-0412,noise
noise-free-sound-0413,noise
noise-free-sound-0414,noise
noise-free-sound-0415,noise
noise-free-sound-0416,noise
noise-free-sound-0417,noise
noise-free-sound-0418,noise
noise-free-sound-0419,noise
noise-free-sound-0420,noise
noise-free-sound-0421,noise
noise-free-sound-0422,noise
noise-free-sound-0423,noise
noise-free-sound-0424,noise
noise-free-sound-0425,noise
noise-free-sound-0426,noise
noise-free-sound-0427,noise
noise-free-sound-0428,noise
noise-free-sound-0429,noise
noise-free-sound-0430,noise
noise-free-sound-0431,noise
noise-free-sound-0432,noise
noise-free-sound-0433,noise
noise-free-sound-0434,noise
noise-free-sound-0435,noise
noise-free-sound-0436,noise
noise-free-sound-0437,noise
noise-free-sound-0438,noise
noise-free-sound-0439,noise
noise-free-sound-0440,noise
noise-free-sound-0441,noise
noise-free-sound-0442,noise
noise-free-sound-0443,noise
noise-free-sound-0444,noise
noise-free-sound-0445,noise
noise-free-sound-0446,noise
noise-free-sound-0447,noise
noise-free-sound-0448,noise
noise-free-sound-0449,noise
noise-free-sound-0450,noise
noise-free-sound-0451,noise
noise-free-sound-0452,noise
noise-free-sound-0453,noise
noise-free-sound-0454,noise
noise-free-sound-0455,noise
noise-free-sound-0456,noise
noise-free-sound-0457,noise
noise-free-sound-0458,noise
noise-free-sound-0459,noise
noise-free-sound-0460,noise
noise-free-sound-0461,noise
noise-free-sound-0462,noise
noise-free-sound-0463,noise
noise-free-sound-0464,noise
noise-free-sound-0465,noise
noise-free-sound-0466,noise
noise-free-sound-0467,noise
noise-free-sound-0468,noise
noise-free-sound-0469,noise
noise-free-sound-0470,noise
noise-free-sound-0471,noise
noise-free-sound-0472,noise
noise-free-sound-0473,noise
noise-free-sound-0474,noise
noise-free-sound-0475,noise
noise-free-sound-0476,noise
noise-free-sound-0477,noise
noise-free-sound-0478,noise
noise-free-sound-0479,noise
noise-free-sound-0480,noise
noise-free-sound-0481,noise
noise-free-sound-0482,noise
noise-free-sound-0483,noise
noise-free-sound-0484,noise
noise-free-sound-0485,noise
noise-free-sound-0486,noise
noise-free-sound-0487,noise
noise-free-sound-0488,noise
noise-free-sound-0489,noise
noise-free-sound-0490,noise
noise-free-sound-0491,noise
noise-free-sound-0492,noise
noise-free-sound-0493,noise
noise-free-sound-0494,noise
noise-free-sound-0495,noise
noise-free-sound-0496,noise
noise-free-sound-0497,noise
noise-free-sound-0498,noise
noise-free-sound-0499,noise
noise-free-sound-0500,noise
noise-free-sound-0501,noise
noise-free-sound-0502,noise
noise-free-sound-0503,noise
noise-free-sound-0504,noise
noise-free-sound-0505,noise
noise-free-sound-0506,noise
noise-free-sound-0507,noise
noise-free-sound-0508,noise
noise-free-sound-0509,noise
noise-free-sound-0510,noise
noise-free-sound-0511,noise
noise-free-sound-0512,noise
noise-free-sound-0513,noise
noise-free-sound-0514,noise
noise-free-sound-0515,noise
noise-free-sound-0516,noise
noise-free-sound-0517,noise
noise-free-sound-0518,noise
noise-free-sound-0519,noise
noise-free-sound-0520,noise
noise-free-sound-0521,noise
noise-free-sound-0522,noise
noise-free-sound-0523,noise
noise-free-sound-0524,noise
noise-free-sound-0525,noise
noise-free-sound-0526,noise
noise-free-sound-0527,noise
noise-free-sound-0528,noise
noise-free-sound-0529,noise
noise-free-sound-0530,noise
noise-free-sound-0531,noise
noise-free-sound-0532,noise
noise-free-sound-0533,noise
noise-free-sound-0534,noise
noise-free-sound-0535,noise
noise-free-sound-0536,noise
noise-free-sound-0537,noise
noise-free-sound-0538,noise
noise-free-sound-0539,noise
noise-free-sound-0540,noise
noise-free-sound-0541,noise
noise-free-sound-0542,noise
noise-free-sound-0543,noise
noise-free-sound-0544,noise
noise-free-sound-0545,noise
noise-free-sound-0546,noise
noise-free-sound-0547,noise
noise-free-sound-0548,noise
noise-free-sound-0549,noise
noise-free-sound-0550,noise
noise-free-sound-0551,noise
noise-free-sound-0552,noise
noise-free-sound-0553,noise
noise-free-sound-0554,noise
noise-free-sound-0555,noise
noise-free-sound-0556,noise
noise-free-sound-0557,noise
noise-free-sound-0558,noise
noise-free-sound-0559,noise
noise-free-sound-0560,noise
noise-free-sound-0561,noise
noise-free-sound-0562,noise
noise-free-sound-0563,noise
noise-free-sound-0564,noise
noise-free-sound-0565,noise
noise-free-sound-0566,noise
noise-free-sound-0567,noise
noise-free-sound-0568,noise
noise-free-sound-0569,noise
noise-free-sound-0570,noise
noise-free-sound-0571,noise
noise-free-sound-0572,noise
noise-free-sound-0573,noise
noise-free-sound-0574,noise
noise-free-sound-0575,noise
noise-free-sound-0576,noise
noise-free-sound-0577,noise
noise-free-sound-0578,noise
noise-free-sound-0579,noise
noise-free-sound-0580,noise
noise-free-sound-0581,noise
noise-free-sound-0582,noise
noise-free-sound-0583,noise
noise-free-sound-0584,noise
noise-free-sound-0585,noise
noise-free-sound-0586,noise
noise-free-sound-0587,noise
noise-free-sound-0588,noise
noise-free-sound-0589,noise
noise-free-sound-0590,noise
noise-free-sound-0591,noise
noise-free-sound-0592,noise
noise-free-sound-0593,noise
noise-free-sound-0594,noise
noise-free-sound-0595,noise
noise-free-sound-0596,noise
noise-free-sound-0597,noise
noise-free-sound-0598,noise
noise-free-sound-0599,noise
noise-free-sound-0600,noise
noise-free-sound-0601,noise
noise-free-sound-0602,noise
noise-free-sound-0603,noise
noise-free-sound-0604,noise
noise-free-sound-0605,noise
noise-free-sound-0606,noise
noise-free-sound-0607,noise
noise-free-sound-0608,noise
noise-free-sound-0609,noise
noise-free-sound-0610,noise
noise-free-sound-0611,noise
noise-free-sound-0612,noise
noise-free-sound-0613,noise
noise-free-sound-0614,noise
noise-free-sound-0615,noise
noise-free-sound-0616,noise
noise-free-sound-0617,noise
noise-free-sound-0618,noise
noise-free-sound-0619,noise
noise-free-sound-0620,noise
noise-free-sound-0621,noise
noise-free-sound-0622,noise
noise-free-sound-0623,noise
noise-free-sound-0624,noise
noise-free-sound-0625,noise
noise-free-sound-0626,noise
noise-free-sound-0627,noise
noise-free-sound-0628,noise
noise-free-sound-0629,noise
noise-free-sound-0630,noise
noise-free-sound-0631,noise
noise-free-sound-0632,noise
noise-free-sound-0633,noise
noise-free-sound-0634,noise
noise-free-sound-0635,noise
noise-free-sound-0636,noise
noise-free-sound-0637,noise
noise-free-sound-0638,noise
noise-free-sound-0639,noise
noise-free-sound-0640,noise
noise-free-sound-0641,noise
noise-free-sound-0642,noise
noise-free-sound-0643,noise
noise-free-sound-0644,noise
noise-free-sound-0645,noise
noise-free-sound-0646,noise
noise-free-sound-0647,noise
noise-free-sound-0648,noise
noise-free-sound-0649,noise
noise-free-sound-0650,noise
noise-free-sound-0651,noise
noise-free-sound-0652,noise
noise-free-sound-0653,noise
noise-free-sound-0654,noise
noise-free-sound-0655,noise
noise-free-sound-0656,noise
noise-free-sound-0657,noise
noise-free-sound-0658,noise
noise-free-sound-0659,noise
noise-free-sound-0660,noise
noise-free-sound-0661,noise
noise-free-sound-0662,noise
noise-free-sound-0663,noise
noise-free-sound-0664,noise
noise-free-sound-0665,noise
noise-free-sound-0666,noise
noise-free-sound-0667,noise
noise-free-sound-0668,noise
noise-free-sound-0669,noise
noise-free-sound-0670,noise
noise-free-sound-0671,noise
noise-free-sound-0672,noise
noise-free-sound-0673,noise
noise-free-sound-0674,noise
noise-free-sound-0675,noise
noise-free-sound-0676,noise
noise-free-sound-0677,noise
noise-free-sound-0678,noise
noise-free-sound-0679,noise
noise-free-sound-0680,noise
noise-free-sound-0681,noise
noise-free-sound-0682,noise
noise-free-sound-0683,noise
noise-free-sound-0684,noise
noise-free-sound-0685,noise
noise-free-sound-0686,noise
noise-free-sound-0687,noise
noise-free-sound-0688,noise
noise-free-sound-0689,noise
noise-free-sound-0690,noise
noise-free-sound-0691,noise
noise-free-sound-0692,noise
noise-free-sound-0693,noise
noise-free-sound-0694,noise
noise-free-sound-0695,noise
noise-free-sound-0696,noise
noise-free-sound-0697,noise
noise-free-sound-0698,noise
noise-free-sound-0699,noise
noise-free-sound-0700,noise
noise-free-sound-0701,noise
noise-free-sound-0702,noise
noise-free-sound-0703,noise
noise-free-sound-0704,noise
noise-free-sound-0705,noise
noise-free-sound-0706,noise
noise-free-sound-0707,noise
noise-free-sound-0708,noise
noise-free-sound-0709,noise
noise-free-sound-0710,noise
noise-free-sound-0711,noise
noise-free-sound-0712,noise
noise-free-sound-0713,noise
noise-free-sound-0714,noise
noise-free-sound-0715,noise
noise-free-sound-0716,noise
noise-free-sound-0717,noise
noise-free-sound-0718,noise
noise-free-sound-0719,noise
noise-free-sound-0720,noise
noise-free-sound-0721,noise
noise-free-sound-0722,noise
noise-free-sound-0723,noise
noise-free-sound-0724,noise
noise-free-sound-0725,noise
noise-free-sound-0726,noise
noise-free-sound-0727,noise
noise-free-sound-0728,noise
noise-free-sound-0729,noise
noise-free-sound-0730,noise
noise-free-sound-0731,noise
noise-free-sound-0732,noise
noise-free-sound-0733,noise
noise-free-sound-0734,noise
noise-free-sound-0735,noise
noise-free-sound-0736,noise
noise-free-sound-0737,noise
noise-free-sound-0738,noise
noise-free-sound-0739,noise
noise-free-sound-0740,noise
noise-free-sound-0741,noise
noise-free-sound-0742,noise
noise-free-sound-0743,noise
noise-free-sound-0744,noise
noise-free-sound-0745,noise
noise-free-sound-0746,noise
noise-free-sound-0747,noise
noise-free-sound-0748,noise
noise-free-sound-0749,noise
noise-free-sound-0750,noise
noise-free-sound-0751,noise
noise-free-sound-0752,noise
noise-free-sound-0753,noise
noise-free-sound-0754,noise
noise-free-sound-0755,noise
noise-free-sound-0756,noise
noise-free-sound-0757,noise
noise-free-sound-0758,noise
noise-free-sound-0759,noise
noise-free-sound-0760,noise
noise-free-sound-0761,noise
noise-free-sound-0762,noise
noise-free-sound-0763,noise
noise-free-sound-0764,noise
noise-free-sound-0765,noise
noise-free-sound-0766,noise
noise-free-sound-0767,noise
noise-free-sound-0768,noise
noise-free-sound-0769,noise
noise-free-sound-0770,noise
noise-free-sound-0771,noise
noise-free-sound-0772,noise
noise-free-sound-0773,noise
noise-free-sound-0774,noise
noise-free-sound-0775,noise
noise-free-sound-0776,noise
noise-free-sound-0777,noise
noise-free-sound-0778,noise
noise-free-sound-0779,noise
noise-free-sound-0780,noise
noise-free-sound-0781,noise
noise-free-sound-0782,noise
noise-free-sound-0783,noise
noise-free-sound-0784,noise
noise-free-sound-0785,noise
noise-free-sound-0786,noise
noise-free-sound-0787,noise
noise-free-sound-0788,noise
noise-free-sound-0789,noise
noise-free-sound-0790,noise
noise-free-sound-0791,noise
noise-free-sound-0792,noise
noise-free-sound-0793,noise
noise-free-sound-0794,noise
noise-free-sound-0795,noise
noise-free-sound-0796,noise
noise-free-sound-0797,noise
noise-free-sound-0798,noise
noise-free-sound-0799,noise
noise-free-sound-0800,noise
noise-free-sound-0801,noise
noise-free-sound-0802,noise
noise-free-sound-0803,noise
noise-free-sound-0804,noise
noise-free-sound-0805,noise
noise-free-sound-0806,noise
noise-free-sound-0807,noise
noise-free-sound-0808,noise
noise-free-sound-0809,noise
noise-free-sound-0810,noise
noise-free-sound-0811,noise
noise-free-sound-0812,noise
noise-free-sound-0813,noise
noise-free-sound-0814,noise
noise-free-sound-0815,noise
noise-free-sound-0816,noise
noise-free-sound-0817,noise
noise-free-sound-0818,noise
noise-free-sound-0819,noise
noise-free-sound-0820,noise
noise-free-sound-0821,noise
noise-free-sound-0822,noise
noise-free-sound-0823,noise
noise-free-sound-0824,noise
noise-free-sound-0825,noise
noise-free-sound-0826,noise
noise-free-sound-0827,noise
noise-free-sound-0828,noise
noise-free-sound-0829,noise
noise-free-sound-0830,noise
noise-free-sound-0831,noise
noise-free-sound-0832,noise
noise-free-sound-0833,noise
noise-free-sound-0834,noise
noise-free-sound-0835,noise
noise-free-sound-0836,noise
noise-free-sound-0837,noise
noise-free-sound-0838,noise
noise-free-sound-0839,noise
noise-free-sound-0840,noise
noise-free-sound-0841,noise
noise-free-sound-0842,noise
noise-sound-bible-0000,noise
noise-sound-bible-0001,noise
noise-sound-bible-0002,noise
noise-sound-bible-0003,noise
noise-sound-bible-0004,noise
noise-sound-bible-0005,noise
noise-sound-bible-0006,noise
noise-sound-bible-0007,noise
noise-sound-bible-0008,noise
noise-sound-bible-0009,noise
noise-sound-bible-0010,noise
noise-sound-bible-0011,noise
noise-sound-bible-0012,noise
noise-sound-bible-0013,noise
noise-sound-bible-0014,noise
noise-sound-bible-0015,noise
noise-sound-bible-0016,noise
noise-sound-bible-0017,noise
noise-sound-bible-0018,noise
noise-sound-bible-0019,noise
noise-sound-bible-0020,noise
noise-sound-bible-0021,noise
noise-sound-bible-0022,noise
noise-sound-bible-0023,noise
noise-sound-bible-0024,noise
noise-sound-bible-0025,noise
noise-sound-bible-0026,noise
noise-sound-bible-0027,noise
noise-sound-bible-0028,noise
noise-sound-bible-0029,noise
noise-sound-bible-0030,noise
noise-sound-bible-0031,noise
noise-sound-bible-0032,noise
noise-sound-bible-0033,noise
noise-sound-bible-0034,noise
noise-sound-bible-0035,noise
noise-sound-bible-0036,noise
noise-sound-bible-0037,noise
noise-sound-bible-0038,noise
noise-sound-bible-0039,noise
noise-sound-bible-0040,noise
noise-sound-bible-0041,noise
noise-sound-bible-0042,noise
noise-sound-bible-0043,noise
noise-sound-bible-0044,noise
noise-sound-bible-0045,noise
noise-sound-bible-0046,noise
noise-sound-bible-0047,noise
noise-sound-bible-0048,noise
noise-sound-bible-0049,noise
noise-sound-bible-0050,noise
noise-sound-bible-0051,noise
noise-sound-bible-0052,noise
noise-sound-bible-0053,noise
noise-sound-bible-0054,noise
noise-sound-bible-0055,noise
noise-sound-bible-0056,noise
noise-sound-bible-0057,noise
noise-sound-bible-0058,noise
noise-sound-bible-0059,noise
noise-sound-bible-0060,noise
noise-sound-bible-0061,noise
noise-sound-bible-0062,noise
noise-sound-bible-0063,noise
noise-sound-bible-0064,noise
noise-sound-bible-0065,noise
noise-sound-bible-0066,noise
noise-sound-bible-0067,noise
noise-sound-bible-0068,noise
noise-sound-bible-0069,noise
noise-sound-bible-0070,noise
noise-sound-bible-0071,noise
noise-sound-bible-0072,noise
noise-sound-bible-0073,noise
noise-sound-bible-0074,noise
noise-sound-bible-0075,noise
noise-sound-bible-0076,noise
noise-sound-bible-0077,noise
noise-sound-bible-0078,noise
noise-sound-bible-0079,noise
noise-sound-bible-0080,noise
noise-sound-bible-0081,noise
noise-sound-bible-0082,noise
noise-sound-bible-0083,noise
noise-sound-bible-0084,noise
noise-sound-bible-0085,noise
noise-sound-bible-0086,noise
